district_key,district_name,datetime,temperature_c,humidity_pct,rainfall_mm,rainfall_6h_mm,rainfall_24h_mm,temperature_6h_avg,humidity_6h_avg,heat_risk,rainfall_risk,dist_name_area,percent_flooded_area,parmanent_water,corrected_percent_flooded_area,dist_name_impact,human_fatality,human_injured,population,mean_flood_duration,flood_events,overall_weather_risk,weather_risk_level
begusarai,Begusarai,2026-06-25 00:00:00,31.0,72,0.0,0.0,0.0,31.0,72.0,0,0,Begusarai,21.87259266,1.072873296,20.79971936,Begusarai,126,10,3830215,22.0,0,0,LOW
begusarai,Begusarai,2026-06-25 01:00:00,30.8,73,0.0,0.0,0.0,30.53333333333333,70.66666666666667,0,0,Begusarai,21.87259266,1.072873296,20.79971936,Begusarai,126,10,3830215,22.0,0,0,LOW
begusarai,Begusarai,2026-06-25 02:00:00,30.4,73,0.0,0.0,0.0,30.2,72.0,0,0,Begusarai,21.87259266,1.072873296,20.79971936,Begusarai,126,10,3830215,22.0,0,0,LOW
begusarai,Begusarai,2026-06-25 03:00:00,29.7,72,0.0,0.0,0.0,29.6,73.66666666666667,0,0,Begusarai,21.87259266,1.072873296,20.79971936,Begusarai,126,10,3830215,22.0,0,0,LOW
begusarai,Begusarai,2026-06-25 04:00:00,28.0,80,0.1,0.1,0.0999999999999991,29.133333333333336,77.33333333333333,0,0,Begusarai,21.87259266,1.072873296,20.79971936,Begusarai,126,10,3830215,22.0,0,0,LOW
begusarai,Begusarai,2026-06-25 05:00:00,28.9,75,0.1,0.1,14.4,28.6,76.5,0,0,Begusarai,21.87259266,1.072873296,20.79971936,Begusarai,126,10,3830215,22.0,0,0,LOW
begusarai,Begusarai,2026-06-25 06:00:00,29.4,78,0.0,0.0,7.6,28.3,85.83333333333333,0,0,Begusarai,21.87259266,1.072873296,20.79971936,Begusarai,126,10,3830215,22.0,0,0,LOW
begusarai,Begusarai,2026-06-25 07:00:00,31.0,75,0.0,0.0,0.0,29.200000000000003,83.33333333333333,0,0,Begusarai,21.87259266,1.072873296,20.79971936,Begusarai,126,10,3830215,22.0,0,0,LOW
begusarai,Begusarai,2026-06-25 08:00:00,32.7,68,0.0,0.0,0.0,30.8,75.83333333333333,0,0,Begusarai,21.87259266,1.072873296,20.79971936,Begusarai,126,10,3830215,22.0,0,0,LOW
begusarai,Begusarai,2026-06-25 09:00:00,34.1,62,0.0,0.0,0.0,32.483333333333334,67.83333333333333,0,0,Begusarai,21.87259266,1.072873296,20.79971936,Begusarai,126,10,3830215,22.0,0,0,LOW
begusarai,Begusarai,2026-06-25 10:00:00,35.0,59,0.0,0.0,0.0,33.733333333333334,64.0,0,0,Begusarai,21.87259266,1.072873296,20.79971936,Begusarai,126,10,3830215,22.0,0,0,LOW
begusarai,Begusarai,2026-06-25 11:00:00,36.3,54,0.0,0.0,0.0,34.76666666666667,61.16666666666666,0,0,Begusarai,21.87259266,1.072873296,20.79971936,Begusarai,126,10,3830215,22.0,0,0,LOW
begusarai,Begusarai,2026-06-25 12:00:00,36.8,51,0.0,0.0,0.0,36.28333333333333,56.333333333333336,0,0,Begusarai,21.87259266,1.072873296,20.79971936,Begusarai,126,10,3830215,22.0,0,0,LOW
begusarai,Begusarai,2026-06-25 13:00:00,37.2,48,0.0,0.4,2.7,36.45,54.16666666666666,0,0,Begusarai,21.87259266,1.072873296,20.79971936,Begusarai,126,10,3830215,22.0,0,0,LOW
begusarai,Begusarai,2026-06-25 14:00:00,37.5,45,0.0,0.6000000000000001,2.5000000000000004,36.46666666666666,51.833333333333336,0,0,Begusarai,21.87259266,1.072873296,20.79971936,Begusarai,126,10,3830215,22.0,0,0,LOW
begusarai,Begusarai,2026-06-25 15:00:00,37.4,45,0.0,0.4,1.5000000000000002,36.63333333333333,48.66666666666666,0,0,Begusarai,21.87259266,1.072873296,20.79971936,Begusarai,126,10,3830215,22.0,0,0,LOW
begusarai,Begusarai,2026-06-25 16:00:00,37.0,46,0.0,0.1,0.1,36.48333333333333,48.16666666666666,0,0,Begusarai,21.87259266,1.072873296,20.79971936,Begusarai,126,10,3830215,22.0,0,0,LOW
begusarai,Begusarai,2026-06-25 17:00:00,35.9,54,1.8,1.8,1.8,35.8,51.333333333333336,0,0,Begusarai,21.87259266,1.072873296,20.79971936,Begusarai,126,10,3830215,22.0,0,0,LOW
begusarai,Begusarai,2026-06-25 18:00:00,34.3,57,0.0,0.0,0.2,34.83333333333333,57.16666666666666,0,0,Begusarai,21.87259266,1.072873296,20.79971936,Begusarai,126,10,3830215,22.0,0,0,LOW
begusarai,Begusarai,2026-06-25 19:00:00,33.7,58,0.0,0.0,0.0,33.3,61.5,0,0,Begusarai,21.87259266,1.072873296,20.79971936,Begusarai,126,10,3830215,22.0,0,0,LOW
begusarai,Begusarai,2026-06-25 20:00:00,33.1,59,0.0,0.0,0.0,32.65,63.5,0,0,Begusarai,21.87259266,1.072873296,20.79971936,Begusarai,126,10,3830215,22.0,0,0,LOW
begusarai,Begusarai,2026-06-25 21:00:00,32.5,62,0.0,0.0,0.0,32.28333333333333,65.83333333333333,0,0,Begusarai,21.87259266,1.072873296,20.79971936,Begusarai,126,10,3830215,22.0,0,0,LOW
begusarai,Begusarai,2026-06-25 22:00:00,30.3,77,0.2,0.2,0.2,31.75,68.0,0,0,Begusarai,21.87259266,1.072873296,20.79971936,Begusarai,126,10,3830215,22.0,0,0,LOW
begusarai,Begusarai,2026-06-25 23:00:00,31.3,71,0.2,0.2,0.2,31.266666666666666,70.0,0,0,Begusarai,21.87259266,1.072873296,20.79971936,Begusarai,126,10,3830215,22.0,0,0,LOW
begusarai,Begusarai,2026-06-26 00:00:00,30.3,73,0.0,0.0,0.5,31.08333333333333,73.0,0,0,Begusarai,21.87259266,1.072873296,20.79971936,Begusarai,126,10,3830215,22.0,0,0,LOW
begusarai,Begusarai,2026-06-26 01:00:00,30.1,74,0.0,0.0,0.0,30.58333333333333,72.33333333333333,0,0,Begusarai,21.87259266,1.072873296,20.79971936,Begusarai,126,10,3830215,22.0,0,0,LOW
begusarai,Begusarai,2026-06-26 02:00:00,29.9,75,0.0,0.0,0.0,30.200000000000003,73.0,0,0,Begusarai,21.87259266,1.072873296,20.79971936,Begusarai,126,10,3830215,22.0,0,0,LOW
begusarai,Begusarai,2026-06-26 03:00:00,29.2,81,0.0,0.0,0.0,29.71666666666667,75.83333333333333,0,0,Begusarai,21.87259266,1.072873296,20.79971936,Begusarai,126,10,3830215,22.0,0,0,LOW
begusarai,Begusarai,2026-06-26 04:00:00,28.6,86,0.0,0.0,0.0,29.383333333333336,77.0,0,0,Begusarai,21.87259266,1.072873296,20.79971936,Begusarai,126,10,3830215,22.0,0,0,LOW
begusarai,Begusarai,2026-06-26 05:00:00,27.8,91,0.0,0.0,0.0,28.933333333333337,77.5,0,0,Begusarai,21.87259266,1.072873296,20.79971936,Begusarai,126,10,3830215,22.0,0,0,LOW
begusarai,Begusarai,2026-06-26 06:00:00,28.3,89,0.2,0.1999999999999995,0.2,28.683333333333334,87.83333333333333,0,0,Begusarai,21.87259266,1.072873296,20.79971936,Begusarai,126,10,3830215,22.0,0,0,LOW
begusarai,Begusarai,2026-06-26 07:00:00,29.4,84,0.0,0.0,0.1,29.25,85.0,0,0,Begusarai,21.87259266,1.072873296,20.79971936,Begusarai,126,10,3830215,22.0,0,0,LOW
begusarai,Begusarai,2026-06-26 08:00:00,31.0,75,0.0,0.0,0.0,30.45,79.66666666666667,0,0,Begusarai,21.87259266,1.072873296,20.79971936,Begusarai,126,10,3830215,22.0,0,0,LOW
begusarai,Begusarai,2026-06-26 09:00:00,32.3,70,0.0,0.0,0.0,31.5,74.33333333333333,0,0,Begusarai,21.87259266,1.072873296,20.79971936,Begusarai,126,10,3830215,22.0,0,0,LOW
begusarai,Begusarai,2026-06-26 10:00:00,33.8,64,0.0,0.0,0.0,33.016666666666666,67.83333333333333,0,0,Begusarai,21.87259266,1.072873296,20.79971936,Begusarai,126,10,3830215,22.0,0,0,LOW
begusarai,Begusarai,2026-06-26 11:00:00,34.4,57,0.0,0.0,0.0,33.96666666666667,63.333333333333336,0,0,Begusarai,21.87259266,1.072873296,20.79971936,Begusarai,126,10,3830215,22.0,0,0,LOW
begusarai,Begusarai,2026-06-26 12:00:00,35.5,54,0.0,0.0,0.0,34.26666666666667,59.5,0,0,Begusarai,21.87259266,1.072873296,20.79971936,Begusarai,126,10,3830215,22.0,0,0,LOW
begusarai,Begusarai,2026-06-26 13:00:00,35.9,52,0.0,0.0,0.0,35.0,56.5,0,0,Begusarai,21.87259266,1.072873296,20.79971936,Begusarai,126,10,3830215,22.0,0,0,LOW
begusarai,Begusarai,2026-06-26 14:00:00,36.1,50,0.0,0.0,0.0,35.35,54.5,0,0,Begusarai,21.87259266,1.072873296,20.79971936,Begusarai,126,10,3830215,22.0,0,0,LOW
begusarai,Begusarai,2026-06-26 15:00:00,35.9,50,0.2,0.1999999999999995,0.4,35.666666666666664,53.0,0,0,Begusarai,21.87259266,1.072873296,20.79971936,Begusarai,126,10,3830215,22.0,0,0,LOW
begusarai,Begusarai,2026-06-26 16:00:00,35.5,51,0.1,0.0999999999999995,0.3,35.550000000000004,52.5,0,0,Begusarai,21.87259266,1.072873296,20.79971936,Begusarai,126,10,3830215,22.0,0,0,LOW
begusarai,Begusarai,2026-06-26 17:00:00,35.3,56,0.0,0.0,0.8,35.38333333333333,52.833333333333336,0,0,Begusarai,21.87259266,1.072873296,20.79971936,Begusarai,126,10,3830215,22.0,0,0,LOW
begusarai,Begusarai,2026-06-26 18:00:00,33.8,67,0.0,0.2999999999999996,0.7000000000000001,34.75,58.66666666666666,0,0,Begusarai,21.87259266,1.072873296,20.79971936,Begusarai,126,10,3830215,22.0,0,0,LOW
begusarai,Begusarai,2026-06-26 19:00:00,32.7,71,0.0,0.0,0.0,33.166666666666664,66.16666666666667,0,0,Begusarai,21.87259266,1.072873296,20.79971936,Begusarai,126,10,3830215,22.0,0,0,LOW
begusarai,Begusarai,2026-06-26 20:00:00,32.0,75,0.0,0.0,0.0,32.21666666666666,70.66666666666667,0,0,Begusarai,21.87259266,1.072873296,20.79971936,Begusarai,126,10,3830215,22.0,0,0,LOW
begusarai,Begusarai,2026-06-26 21:00:00,31.4,75,0.0,0.0,0.0,31.616666666666664,74.0,0,0,Begusarai,21.87259266,1.072873296,20.79971936,Begusarai,126,10,3830215,22.0,0,0,LOW
begusarai,Begusarai,2026-06-26 22:00:00,31.2,71,0.0,0.0,0.0,31.316666666666663,75.5,0,0,Begusarai,21.87259266,1.072873296,20.79971936,Begusarai,126,10,3830215,22.0,0,0,LOW
begusarai,Begusarai,2026-06-26 23:00:00,31.7,71,0.0,0.0,0.0,31.08333333333333,75.33333333333333,0,0,Begusarai,21.87259266,1.072873296,20.79971936,Begusarai,126,10,3830215,22.0,0,0,LOW
gaya,Gaya,2026-06-25 00:00:00,29.9,65,0.0,0.0,0.0,29.9,65.0,0,0,Gaya,3.47076538,0.000225598,3.470539782,Gaya,122,0,5429170,23.0,0,0,LOW
gaya,Gaya,2026-06-25 01:00:00,29.6,67,0.0,0.0,0.0,30.45,61.66666666666666,0,0,Gaya,3.47076538,0.000225598,3.470539782,Gaya,122,0,5429170,23.0,0,0,LOW
gaya,Gaya,2026-06-25 02:00:00,29.4,69,0.0,0.0,0.0,30.016666666666666,64.33333333333333,0,0,Gaya,3.47076538,0.000225598,3.470539782,Gaya,122,0,5429170,23.0,0,0,LOW
gaya,Gaya,2026-06-25 03:00:00,28.8,72,0.0,0.0,0.0,29.633333333333336,66.16666666666667,0,0,Gaya,3.47076538,0.000225598,3.470539782,Gaya,122,0,5429170,23.0,0,0,LOW
gaya,Gaya,2026-06-25 04:00:00,28.0,74,0.0,0.0,0.0,29.25,67.0,0,0,Gaya,3.47076538,0.000225598,3.470539782,Gaya,122,0,5429170,23.0,0,0,LOW
gaya,Gaya,2026-06-25 05:00:00,29.4,69,0.0,0.0,1.0,29.166666666666668,68.16666666666667,0,0,Gaya,3.47076538,0.000225598,3.470539782,Gaya,122,0,5429170,23.0,0,0,LOW
gaya,Gaya,2026-06-25 06:00:00,30.1,69,0.0,0.0,0.0,29.55,76.0,0,0,Gaya,3.47076538,0.000225598,3.470539782,Gaya,122,0,5429170,23.0,0,0,LOW
gaya,Gaya,2026-06-25 07:00:00,31.6,64,0.0,0.0,0.0,30.566666666666663,70.83333333333333,0,0,Gaya,3.47076538,0.000225598,3.470539782,Gaya,122,0,5429170,23.0,0,0,LOW
gaya,Gaya,2026-06-25 08:00:00,32.8,59,0.0,0.0,0.0,31.98333333333333,64.16666666666667,0,0,Gaya,3.47076538,0.000225598,3.470539782,Gaya,122,0,5429170,23.0,0,0,LOW
gaya,Gaya,2026-06-25 09:00:00,34.2,54,0.0,0.0,0.0,33.36666666666667,59.0,0,0,Gaya,3.47076538,0.000225598,3.470539782,Gaya,122,0,5429170,23.0,0,0,LOW
gaya,Gaya,2026-06-25 10:00:00,35.3,48,0.0,0.0,0.0,34.6,54.333333333333336,0,0,Gaya,3.47076538,0.000225598,3.470539782,Gaya,122,0,5429170,23.0,0,0,LOW
gaya,Gaya,2026-06-25 11:00:00,36.4,43,0.0,0.0,0.0,35.71666666666667,50.333333333333336,0,0,Gaya,3.47076538,0.000225598,3.470539782,Gaya,122,0,5429170,23.0,0,0,LOW
gaya,Gaya,2026-06-25 12:00:00,37.0,41,0.0,0.0,0.0,37.03333333333333,43.833333333333336,0,0,Gaya,3.47076538,0.000225598,3.470539782,Gaya,122,0,5429170,23.0,0,0,LOW
gaya,Gaya,2026-06-25 13:00:00,37.2,40,0.0,0.0,0.0,37.41666666666666,41.833333333333336,0,0,Gaya,3.47076538,0.000225598,3.470539782,Gaya,122,0,5429170,23.0,0,0,LOW
gaya,Gaya,2026-06-25 14:00:00,37.2,40,0.0,0.0,0.0,37.61666666666667,41.66666666666666,0,0,Gaya,3.47076538,0.000225598,3.470539782,Gaya,122,0,5429170,23.0,0,0,LOW
gaya,Gaya,2026-06-25 15:00:00,37.4,39,0.0,0.0,0.0,37.56666666666667,41.333333333333336,0,0,Gaya,3.47076538,0.000225598,3.470539782,Gaya,122,0,5429170,23.0,0,0,LOW
gaya,Gaya,2026-06-25 16:00:00,36.9,40,0.0,0.0,0.0,37.25,41.16666666666666,0,0,Gaya,3.47076538,0.000225598,3.470539782,Gaya,122,0,5429170,23.0,0,0,LOW
gaya,Gaya,2026-06-25 17:00:00,34.5,54,0.0,0.0,0.0,36.45,44.5,0,0,Gaya,3.47076538,0.000225598,3.470539782,Gaya,122,0,5429170,23.0,0,0,LOW
gaya,Gaya,2026-06-25 18:00:00,33.6,57,0.0,0.0,0.0,35.550000000000004,51.333333333333336,0,0,Gaya,3.47076538,0.000225598,3.470539782,Gaya,122,0,5429170,23.0,0,0,LOW
gaya,Gaya,2026-06-25 19:00:00,32.9,55,0.0,0.0,2.5,33.5,55.833333333333336,0,0,Gaya,3.47076538,0.000225598,3.470539782,Gaya,122,0,5429170,23.0,0,0,LOW
gaya,Gaya,2026-06-25 20:00:00,31.8,58,0.0,1.1999999999999995,3.8,31.8,63.5,0,0,Gaya,3.47076538,0.000225598,3.470539782,Gaya,122,0,5429170,23.0,0,0,LOW
gaya,Gaya,2026-06-25 21:00:00,31.2,60,0.0,0.3999999999999991,0.5,31.21666666666667,63.333333333333336,0,0,Gaya,3.47076538,0.000225598,3.470539782,Gaya,122,0,5429170,23.0,0,0,LOW
gaya,Gaya,2026-06-25 22:00:00,30.7,63,0.0,0.0,0.0,30.65,67.33333333333333,0,0,Gaya,3.47076538,0.000225598,3.470539782,Gaya,122,0,5429170,23.0,0,0,LOW
gaya,Gaya,2026-06-25 23:00:00,30.6,65,0.0,0.0,0.0,30.36666666666667,70.5,0,0,Gaya,3.47076538,0.000225598,3.470539782,Gaya,122,0,5429170,23.0,0,0,LOW
gaya,Gaya,2026-06-26 00:00:00,29.9,69,0.0,0.0,0.0,30.416666666666668,67.5,0,0,Gaya,3.47076538,0.000225598,3.470539782,Gaya,122,0,5429170,23.0,0,0,LOW
gaya,Gaya,2026-06-26 01:00:00,29.6,70,0.0,0.0,0.0,29.83333333333333,70.83333333333333,0,0,Gaya,3.47076538,0.000225598,3.470539782,Gaya,122,0,5429170,23.0,0,0,LOW
gaya,Gaya,2026-06-26 02:00:00,29.3,70,0.0,0.0,0.0,29.61666666666667,72.16666666666667,0,0,Gaya,3.47076538,0.000225598,3.470539782,Gaya,122,0,5429170,23.0,0,0,LOW
gaya,Gaya,2026-06-26 03:00:00,29.0,71,0.0,0.0,0.0,29.416666666666668,73.5,0,0,Gaya,3.47076538,0.000225598,3.470539782,Gaya,122,0,5429170,23.0,0,0,LOW
gaya,Gaya,2026-06-26 04:00:00,28.7,71,0.0,0.0,0.0,29.133333333333336,74.16666666666667,0,0,Gaya,3.47076538,0.000225598,3.470539782,Gaya,122,0,5429170,23.0,0,0,LOW
gaya,Gaya,2026-06-26 05:00:00,28.3,75,0.0,0.0,0.0,28.83333333333333,76.16666666666667,0,0,Gaya,3.47076538,0.000225598,3.470539782,Gaya,122,0,5429170,23.0,0,0,LOW
gaya,Gaya,2026-06-26 06:00:00,27.5,84,0.2,0.1999999999999991,0.2,27.3,86.16666666666667,0,0,Gaya,3.47076538,0.000225598,3.470539782,Gaya,122,0,5429170,23.0,0,0,LOW
gaya,Gaya,2026-06-26 07:00:00,29.7,74,0.1,4.199999999999998,31.4,27.05,89.66666666666667,0,0,Gaya,3.47076538,0.000225598,3.470539782,Gaya,122,0,5429170,23.0,0,0,LOW
gaya,Gaya,2026-06-26 08:00:00,32.0,62,0.0,3.299999999999998,8.6,27.73333333333333,86.83333333333333,0,0,Gaya,3.47076538,0.000225598,3.470539782,Gaya,122,0,5429170,23.0,0,0,LOW
gaya,Gaya,2026-06-26 09:00:00,33.3,57,0.0,1.399999999999998,1.7,29.766666666666666,76.5,0,0,Gaya,3.47076538,0.000225598,3.470539782,Gaya,122,0,5429170,23.0,0,0,LOW
gaya,Gaya,2026-06-26 10:00:00,34.5,53,0.0,0.3999999999999979,0.4,32.016666666666666,65.33333333333333,0,0,Gaya,3.47076538,0.000225598,3.470539782,Gaya,122,0,5429170,23.0,0,0,LOW
gaya,Gaya,2026-06-26 11:00:00,34.9,50,0.0,0.0,0.0,33.45,58.833333333333336,0,0,Gaya,3.47076538,0.000225598,3.470539782,Gaya,122,0,5429170,23.0,0,0,LOW
gaya,Gaya,2026-06-26 12:00:00,35.5,49,0.1,0.0999999999999979,0.1,34.6,53.16666666666666,0,0,Gaya,3.47076538,0.000225598,3.470539782,Gaya,122,0,5429170,23.0,0,0,LOW
gaya,Gaya,2026-06-26 13:00:00,36.0,47,0.2,0.1999999999999981,0.2,35.416666666666664,50.333333333333336,0,0,Gaya,3.47076538,0.000225598,3.470539782,Gaya,122,0,5429170,23.0,0,0,LOW
gaya,Gaya,2026-06-26 14:00:00,36.2,45,0.1,0.0999999999999981,0.1,35.983333333333334,48.5,0,0,Gaya,3.47076538,0.000225598,3.470539782,Gaya,122,0,5429170,23.0,0,0,LOW
gaya,Gaya,2026-06-26 15:00:00,36.5,43,0.0,0.0999999999999981,0.4,36.2,47.833333333333336,0,0,Gaya,3.47076538,0.000225598,3.470539782,Gaya,122,0,5429170,23.0,0,0,LOW
gaya,Gaya,2026-06-26 16:00:00,32.9,66,0.3,0.6999999999999982,2.3,35.333333333333336,51.5,0,0,Gaya,3.47076538,0.000225598,3.470539782,Gaya,122,0,5429170,23.0,0,0,LOW
gaya,Gaya,2026-06-26 17:00:00,34.0,53,0.0,0.2999999999999982,1.2000000000000002,35.31666666666667,49.5,0,0,Gaya,3.47076538,0.000225598,3.470539782,Gaya,122,0,5429170,23.0,0,0,LOW
gaya,Gaya,2026-06-26 18:00:00,32.6,60,0.0,0.0999999999999982,1.8,34.733333333333334,56.833333333333336,0,0,Gaya,3.47076538,0.000225598,3.470539782,Gaya,122,0,5429170,23.0,0,0,LOW
gaya,Gaya,2026-06-26 19:00:00,31.0,63,0.0,0.0,0.0,32.9,65.16666666666667,0,0,Gaya,3.47076538,0.000225598,3.470539782,Gaya,122,0,5429170,23.0,0,0,LOW
gaya,Gaya,2026-06-26 20:00:00,29.9,69,0.0,0.0,0.0,31.73333333333333,68.16666666666667,0,0,Gaya,3.47076538,0.000225598,3.470539782,Gaya,122,0,5429170,23.0,0,0,LOW
gaya,Gaya,2026-06-26 21:00:00,29.5,70,0.0,0.0,0.0,31.25,69.0,0,0,Gaya,3.47076538,0.000225598,3.470539782,Gaya,122,0,5429170,23.0,0,0,LOW
gaya,Gaya,2026-06-26 22:00:00,29.0,74,0.0,0.0,0.0,31.016666666666666,68.0,0,0,Gaya,3.47076538,0.000225598,3.470539782,Gaya,122,0,5429170,23.0,0,0,LOW
gaya,Gaya,2026-06-26 23:00:00,29.8,73,0.0,0.1999999999999982,1.9,30.466666666666665,70.16666666666667,0,0,Gaya,3.47076538,0.000225598,3.470539782,Gaya,122,0,5429170,23.0,0,0,LOW
katihar,Katihar,2026-06-25 00:00:00,29.8,79,0.0,0.0,0.0,29.8,79.0,0,0,Katihar,13.34677951,1.934686307,11.4120932,Katihar,221,2,3735857,20.0,0,0,LOW
katihar,Katihar,2026-06-25 01:00:00,29.6,79,0.0,0.0,0.0,28.166666666666668,88.5,0,0,Katihar,13.34677951,1.934686307,11.4120932,Katihar,221,2,3735857,20.0,0,0,LOW
katihar,Katihar,2026-06-25 02:00:00,29.4,80,0.0,0.0,0.0,27.98333333333333,89.66666666666667,0,0,Katihar,13.34677951,1.934686307,11.4120932,Katihar,221,2,3735857,20.0,0,0,LOW
katihar,Katihar,2026-06-25 03:00:00,29.1,80,0.0,0.0,0.0,27.83333333333333,90.33333333333331,0,0,Katihar,13.34677951,1.934686307,11.4120932,Katihar,221,2,3735857,20.0,0,0,LOW
katihar,Katihar,2026-06-25 04:00:00,28.9,81,0.0,0.0,0.0,27.73333333333333,91.0,0,0,Katihar,13.34677951,1.934686307,11.4120932,Katihar,221,2,3735857,20.0,0,0,LOW
katihar,Katihar,2026-06-25 05:00:00,29.3,85,0.0,0.0,0.0,27.71666666666667,91.83333333333331,0,0,Katihar,13.34677951,1.934686307,11.4120932,Katihar,221,2,3735857,20.0,0,0,LOW
katihar,Katihar,2026-06-25 06:00:00,30.0,82,0.2,0.2,0.5,26.383333333333336,83.83333333333333,0,0,Katihar,13.34677951,1.934686307,11.4120932,Katihar,221,2,3735857,20.0,0,0,LOW
katihar,Katihar,2026-06-25 07:00:00,30.8,77,0.0,0.0,0.0,27.33333333333333,82.5,0,0,Katihar,13.34677951,1.934686307,11.4120932,Katihar,221,2,3735857,20.0,0,0,LOW
katihar,Katihar,2026-06-25 08:00:00,32.0,73,0.0,0.0999999999999991,1.6,28.71666666666667,80.5,0,0,Katihar,13.34677951,1.934686307,11.4120932,Katihar,221,2,3735857,20.0,0,0,LOW
katihar,Katihar,2026-06-25 09:00:00,31.8,73,0.0,9.199999999999996,85.89999999999999,28.3,83.83333333333333,0,1,Katihar,13.34677951,1.934686307,11.4120932,Katihar,221,2,3735857,20.0,0,1,MODERATE
katihar,Katihar,2026-06-25 10:00:00,32.3,72,0.0,9.999999999999996,28.4,28.433333333333334,86.33333333333333,0,0,Katihar,13.34677951,1.934686307,11.4120932,Katihar,221,2,3735857,20.0,0,0,LOW
katihar,Katihar,2026-06-25 11:00:00,33.7,66,0.0,0.8999999999999965,2.9000000000000004,30.433333333333334,77.83333333333333,0,0,Katihar,13.34677951,1.934686307,11.4120932,Katihar,221,2,3735857,20.0,0,0,LOW
katihar,Katihar,2026-06-25 12:00:00,34.2,63,0.0,0.0,0.0,31.933333333333334,71.83333333333333,0,0,Katihar,13.34677951,1.934686307,11.4120932,Katihar,221,2,3735857,20.0,0,0,LOW
katihar,Katihar,2026-06-25 13:00:00,34.7,60,0.0,0.0,0.0,33.11666666666667,68.0,0,0,Katihar,13.34677951,1.934686307,11.4120932,Katihar,221,2,3735857,20.0,0,0,LOW
katihar,Katihar,2026-06-25 14:00:00,35.0,57,0.0,0.0,0.0,33.96666666666667,64.83333333333333,0,0,Katihar,13.34677951,1.934686307,11.4120932,Katihar,221,2,3735857,20.0,0,0,LOW
katihar,Katihar,2026-06-25 15:00:00,35.1,55,0.0,0.0,0.0,34.333333333333336,63.0,0,0,Katihar,13.34677951,1.934686307,11.4120932,Katihar,221,2,3735857,20.0,0,0,LOW
katihar,Katihar,2026-06-25 16:00:00,34.9,56,0.0,0.0,0.0,34.25,62.66666666666666,0,0,Katihar,13.34677951,1.934686307,11.4120932,Katihar,221,2,3735857,20.0,0,0,LOW
katihar,Katihar,2026-06-25 17:00:00,34.5,62,0.0,0.4999999999999966,2.0,33.68333333333333,66.0,0,0,Katihar,13.34677951,1.934686307,11.4120932,Katihar,221,2,3735857,20.0,0,0,LOW
katihar,Katihar,2026-06-25 18:00:00,33.1,65,0.0,0.8999999999999966,2.6999999999999997,33.45,67.5,0,0,Katihar,13.34677951,1.934686307,11.4120932,Katihar,221,2,3735857,20.0,0,0,LOW
katihar,Katihar,2026-06-25 19:00:00,32.5,68,0.0,0.0,0.8999999999999997,32.166666666666664,72.0,0,0,Katihar,13.34677951,1.934686307,11.4120932,Katihar,221,2,3735857,20.0,0,0,LOW
katihar,Katihar,2026-06-25 20:00:00,32.4,68,0.0,0.0,0.0,31.55,71.16666666666667,0,0,Katihar,13.34677951,1.934686307,11.4120932,Katihar,221,2,3735857,20.0,0,0,LOW
katihar,Katihar,2026-06-25 21:00:00,31.9,69,0.0,0.0,0.0,30.61666666666667,73.5,0,0,Katihar,13.34677951,1.934686307,11.4120932,Katihar,221,2,3735857,20.0,0,0,LOW
katihar,Katihar,2026-06-25 22:00:00,31.4,69,0.0,0.0,0.9999999999999996,30.03333333333333,77.66666666666667,0,0,Katihar,13.34677951,1.934686307,11.4120932,Katihar,221,2,3735857,20.0,0,0,LOW
katihar,Katihar,2026-06-25 23:00:00,30.8,69,0.0,0.5999999999999968,1.5999999999999996,29.133333333333336,80.66666666666667,0,0,Katihar,13.34677951,1.934686307,11.4120932,Katihar,221,2,3735857,20.0,0,0,LOW
katihar,Katihar,2026-06-26 00:00:00,29.9,75,0.0,5.199999999999997,14.7,29.016666666666666,77.5,0,0,Katihar,13.34677951,1.934686307,11.4120932,Katihar,221,2,3735857,20.0,0,0,LOW
katihar,Katihar,2026-06-26 01:00:00,29.6,77,0.0,0.0,0.0,28.13333333333333,82.16666666666667,0,0,Katihar,13.34677951,1.934686307,11.4120932,Katihar,221,2,3735857,20.0,0,0,LOW
katihar,Katihar,2026-06-26 02:00:00,29.4,77,0.0,0.0,0.0,27.883333333333336,83.66666666666667,0,0,Katihar,13.34677951,1.934686307,11.4120932,Katihar,221,2,3735857,20.0,0,0,LOW
katihar,Katihar,2026-06-26 03:00:00,29.1,80,0.0,0.0,0.0,27.566666666666663,85.33333333333333,0,0,Katihar,13.34677951,1.934686307,11.4120932,Katihar,221,2,3735857,20.0,0,0,LOW
katihar,Katihar,2026-06-26 04:00:00,29.0,80,0.0,0.0,0.0,27.28333333333333,86.0,0,0,Katihar,13.34677951,1.934686307,11.4120932,Katihar,221,2,3735857,20.0,0,0,LOW
katihar,Katihar,2026-06-26 05:00:00,29.8,80,0.0,0.0,0.0,27.23333333333333,85.66666666666667,0,0,Katihar,13.34677951,1.934686307,11.4120932,Katihar,221,2,3735857,20.0,0,0,LOW
katihar,Katihar,2026-06-26 06:00:00,30.2,80,0.0,0.0,0.0,27.666666666666668,88.83333333333333,0,0,Katihar,13.34677951,1.934686307,11.4120932,Katihar,221,2,3735857,20.0,0,0,LOW
katihar,Katihar,2026-06-26 07:00:00,31.2,75,0.0,0.2999999999999969,0.2999999999999996,28.3,85.66666666666667,0,0,Katihar,13.34677951,1.934686307,11.4120932,Katihar,221,2,3735857,20.0,0,0,LOW
katihar,Katihar,2026-06-26 08:00:00,32.4,71,0.0,0.2999999999999969,0.2999999999999996,29.21666666666667,82.16666666666667,0,0,Katihar,13.34677951,1.934686307,11.4120932,Katihar,221,2,3735857,20.0,0,0,LOW
katihar,Katihar,2026-06-26 09:00:00,33.5,67,0.0,0.0,0.0,30.46666666666667,78.0,0,0,Katihar,13.34677951,1.934686307,11.4120932,Katihar,221,2,3735857,20.0,0,0,LOW
katihar,Katihar,2026-06-26 10:00:00,33.9,66,0.0,0.0,0.0,31.850000000000005,72.66666666666667,0,0,Katihar,13.34677951,1.934686307,11.4120932,Katihar,221,2,3735857,20.0,0,0,LOW
katihar,Katihar,2026-06-26 11:00:00,34.3,62,0.2,0.1999999999999969,0.1999999999999995,32.35,70.66666666666667,0,0,Katihar,13.34677951,1.934686307,11.4120932,Katihar,221,2,3735857,20.0,0,0,LOW
katihar,Katihar,2026-06-26 12:00:00,34.7,61,0.2,0.2999999999999969,0.6999999999999995,32.93333333333334,68.16666666666667,0,0,Katihar,13.34677951,1.934686307,11.4120932,Katihar,221,2,3735857,20.0,0,0,LOW
katihar,Katihar,2026-06-26 13:00:00,35.0,60,0.2,0.8999999999999969,4.1,33.43333333333334,66.83333333333333,1,0,Katihar,13.34677951,1.934686307,11.4120932,Katihar,221,2,3735857,20.0,0,1,MODERATE
katihar,Katihar,2026-06-26 14:00:00,33.8,63,0.9,1.299999999999997,2.2,33.56666666666667,65.33333333333333,0,0,Katihar,13.34677951,1.934686307,11.4120932,Katihar,221,2,3735857,20.0,0,0,LOW
katihar,Katihar,2026-06-26 15:00:00,34.0,63,0.4,0.899999999999997,1.6999999999999995,33.65,64.66666666666667,0,0,Katihar,13.34677951,1.934686307,11.4120932,Katihar,221,2,3735857,20.0,0,0,LOW
katihar,Katihar,2026-06-26 16:00:00,34.0,63,0.0,0.4999999999999966,0.7999999999999996,33.68333333333333,63.833333333333336,0,0,Katihar,13.34677951,1.934686307,11.4120932,Katihar,221,2,3735857,20.0,0,0,LOW
katihar,Katihar,2026-06-26 17:00:00,32.3,72,0.2,0.1999999999999969,3.1999999999999997,33.21666666666667,65.5,0,0,Katihar,13.34677951,1.934686307,11.4120932,Katihar,221,2,3735857,20.0,0,0,LOW
katihar,Katihar,2026-06-26 18:00:00,31.6,76,0.0,0.0,0.5999999999999996,32.93333333333333,69.0,0,0,Katihar,13.34677951,1.934686307,11.4120932,Katihar,221,2,3735857,20.0,0,0,LOW
katihar,Katihar,2026-06-26 19:00:00,31.1,77,0.0,0.6999999999999971,5.199999999999999,31.03333333333333,78.5,0,0,Katihar,13.34677951,1.934686307,11.4120932,Katihar,221,2,3735857,20.0,0,0,LOW
katihar,Katihar,2026-06-26 20:00:00,30.6,80,0.0,0.0999999999999971,1.7999999999999996,30.183333333333334,84.16666666666667,0,0,Katihar,13.34677951,1.934686307,11.4120932,Katihar,221,2,3735857,20.0,0,0,LOW
katihar,Katihar,2026-06-26 21:00:00,30.4,83,0.0,0.3999999999999971,6.6,29.78333333333333,86.33333333333333,0,0,Katihar,13.34677951,1.934686307,11.4120932,Katihar,221,2,3735857,20.0,0,0,LOW
katihar,Katihar,2026-06-26 22:00:00,30.0,86,0.0,1.1999999999999964,13.5,29.11666666666667,89.66666666666667,0,0,Katihar,13.34677951,1.934686307,11.4120932,Katihar,221,2,3735857,20.0,0,0,LOW
katihar,Katihar,2026-06-26 23:00:00,30.9,80,0.0,3.1999999999999966,13.0,28.73333333333333,91.16666666666669,0,0,Katihar,13.34677951,1.934686307,11.4120932,Katihar,221,2,3735857,20.0,0,0,LOW
